{"cameraMode":{"drawMode":0,"name":"Shaded","section":"Shading Mode"},"sceneLighting":true,"audioPlay":false,"sceneViewState":{"m_AlwaysRefresh":false,"showFog":true,"showSkybox":true,"showFlares":true,"showImageEffects":true,"showParticleSystems":true,"showVisualEffectGraphs":true,"m_FxEnabled":true},"in2DMode":false,"pivot":{"x":-2.6994025707244875,"y":15.116540908813477,"z":-11.525164604187012},"rotation":{"x":-0.46340641379356387,"y":0.000549336604308337,"z":-0.00023877155035734177,"w":-0.8861976861953735},"size":0.6895894408226013,"orthographic":false}